{
 "head" : {
    "type" : "header",
    "description" : "User Settings"
 },
 "username" : {
    "type" : "entry",
    "default" : "username",
    "description" : "GitHub username:",
    "tooltip" : "Set a username wshich you want to display public repositories for"
 },
 "div1" : {
    "type" : "separator"
 },
 "head1" : {
    "type" : "header",
    "description" : "Useage Settings"
 },
 "enable-auto-refresh" : {
    "type" : "checkbox",
    "default" : true,
    "description": "Check this to enable automatic refreshing",
    "tooltip": "Checking this will mean the applet will update itself according to your refresh interval"
 },
 "enable-verbose-logging" : {
    "type" : "checkbox",
    "default" : false,
    "description": "Check this to enable lots of logging in Looking Glass",
    "tooltip": "Checking this will enable lots of logging"
 },
 "enable-github-change-notifications" : {
    "type" : "checkbox",
    "default" : false,
    "description": "Check this to enable notifcations about changes to Watchers, Forks and Issues",
    "tooltip": "Checking this will enable more notifcation messages"
 }, 
 "refresh-interval" : {
    "type" : "scale",
    "default" : 5,
    "min" : 2,
    "max" : 10,
    "step" : 1,
    "description" : "Refresh Interval:",
    "dependency" : "enable-auto-refresh",
    "tooltip" : "Change the amount of time between checking GitHub for changes to your Repositories"
 },
  "div2" : {
    "type" : "separator"
 },
 "head2" : {
    "type" : "header",
    "description" : "Version Details"
 },
  "applet-version" : {
    "type" : "entry",
    "default" : "--",
    "description" : "Applet Version:",
    "tooltip" : "Current version installed"
 },
  "open-cinnamon-homepage-button" : {
    "type" : "button",
    "description" : "Visit Cinnamon Applet Home",
    "callback" : "on_open_cinnamon_home_pressed",
    "tooltip" : "Open cinnamon.com - rate the application"
 },
 "open-github-homepage-button" : {
    "type" : "button",
    "description" : "Open GitHub Home",
    "callback" : "on_open_github_home_pressed",
    "tooltip" : "Open github.com - fork the code or add features"
 },
 "open-developer-homepage-button" : {
    "type" : "button",
    "description" : "Open Developer Home",
    "callback" : "on_open_developer_home_pressed",
    "tooltip" : "Open morgan-design.com - my personal blog"
 }
}
